2,Hello from o01,o01,o02,1605413854063
3,Hello from o01,o01,o01,1605413854063
0,Hi!,a01,a02,1605392732970
4,Hello from o01,o01,a02,1605413854063
1,Hi 2!,a02,a01,1605392850706
5,Hello from o01,o01,a01,1605413854063
6,Hello from o01,o01,s02,1605413854063
11,Hello speakers,o01,s02,1605414459163
7,Hello from o01,o01,s01,1605413854063
12,Hello speakers,o01,s01,1605414459163
8,Hello from o01,o01,s04,1605413854063
13,Hello speakers,o01,s04,1605414459163
9,Hello from o01,o01,s03,1605413854063
14,Hello speakers,o01,s03,1605414459163
10,Hello from o01,o01,s05,1605413854063
15,Hello speakers,o01,s05,1605414459163
